NAME,PC_1,PC_2,PC_3,solvent_name,solvent_class,conversion,de
TYPE,DATA,DATA,DATA,METADATA,METADATA,,
cas_number,,,,,,,
75-05-8,3.1471423261860645,-2.12223335229871,-2.006489262566675,Acetonitrile,Dipolar aprotic,81.64867037868515,91.07201288416786
126-33-0,3.885026212610328,4.210762116155596,-1.4838485312494252,Sulfolane,Dipolar aprotic,81.34029964389931,92.77132398445994
96-49-1,5.476347762942401,2.2785692669580926,-1.197862206061883,Ethylene carbonate,Dipolar aprotic,79.85552886841862,93.32343383465869
680-31-9,-1.2258013886799306,5.389174271286519,-0.20050077513159087,Hexamethyl phosphoramidite (HMPA),Dipolar aprotic,49.359785761897705,96.94197796930831
67-68-5,3.927689611821057,1.5900856258349756,-1.5083948996982883,Dimethyl sulfoxide (DMSO),Dipolar aprotic,43.7409937167318,99.02583093650075
