{"yield": {"model_save_dirs": ["baumgartner_aniline_cn_crosscoupling_yield_1", "baumgartner_aniline_cn_crosscoupling_yield_2", "baumgartner_aniline_cn_crosscoupling_yield_3", "baumgartner_aniline_cn_crosscoupling_yield_4", "baumgartner_aniline_cn_crosscoupling_yield_5", "baumgartner_aniline_cn_crosscoupling_yield_6", "baumgartner_aniline_cn_crosscoupling_yield_7", "baumgartner_aniline_cn_crosscoupling_yield_8", "baumgartner_aniline_cn_crosscoupling_yield_9", "baumgartner_aniline_cn_crosscoupling_yield_10"], "Final train MAE": 0.05946772173047066, "Final validation MAE": 0.08153662830591202, "Final test MAE": 0.0885457918047905, "data_transformation_dict": {"base_equivalents": [1.655750163382321, 0.48225544522431946], "temperature": [75.16770833333334, 29.318799055923098], "t_res": [708.2517596781228, 499.5337487592789], "yield": [0.0, 0.6195367967928377]}, "X variable names": ["base_equivalents", "temperature", "t_res", "catalyst", "base"], "X_train": [[2.1830154990089214, 30.000000029612714, 328.7177996532079, 1.0, 0.0, 0.0, 1.0, 0.0, 0.0, 0.0], [2.190881533939659, 100.00000074728192, 73.33119084670807, 1.0, 0.0, 0.0, 0.0, 1.0, 0.0, 0.0], [1.0931382036876003, 47.49999933526172, 75.12129523845613, 1.0, 0.0, 0.0, 0.0, 0.0, 1.0, 0.0], [2.186276408728867, 100.00000074728192, 673.2595093294592, 1.0, 0.0, 0.0, 0.0, 0.0, 1.0, 0.0], [1.1087665627995458, 30.000000029612714, 107.54117492538069, 1.0, 0.0, 0.0, 0.0, 0.0, 0.0, 1.0], [2.1830154990089214, 100.00000074728192, 1088.5122480497832, 1.0, 0.0, 0.0, 1.0, 0.0, 0.0, 0.0], [1.0979663874949397, 100.00000074728192, 1208.7111390772784, 1.0, 0.0, 0.0, 1.0, 0.0, 0.0, 0.0], [1.1087665627995458, 65.00000038844732, 1061.6457353586754, 1.0, 0.0, 0.0, 0.0, 0.0, 0.0, 1.0], [1.6431611671834718, 65.00000038844732, 325.58263079425626, 1.0, 0.0, 0.0, 0.0, 1.0, 0.0, 0.0], [1.663149856553672, 100.00000074728192, 74.29427784739812, 1.0, 0.0, 0.0, 0.0, 0.0, 0.0, 1.0], [2.190881533939659, 30.000000029612714, 1290.7638529422197, 1.0, 0.0, 0.0, 0.0, 1.0, 0.0, 0.0], [1.095440766292996, 100.00000074728192, 74.56623841947192, 1.0, 0.0, 0.0, 0.0, 1.0, 0.0, 0.0], [1.095440766292996, 30.000000029612714, 1256.0268596533756, 1.0, 0.0, 0.0, 0.0, 1.0, 0.0, 0.0], [2.2175331269527585, 65.00000038844732, 1278.5461120766686, 1.0, 0.0, 0.0, 0.0, 0.0, 0.0, 1.0], [1.6474054426553346, 30.000000029612714, 1119.23000708598, 1.0, 0.0, 0.0, 0.0, 0.0, 1.0, 0.0], [2.2175331269527585, 30.000000029612714, 74.04625599876931, 1.0, 0.0, 0.0, 0.0, 0.0, 0.0, 1.0], [1.0931382036876003, 100.00000074728192, 320.1163245289786, 1.0, 0.0, 0.0, 0.0, 0.0, 1.0, 0.0], [2.186276408728867, 65.00000038844732, 75.6613456934897, 1.0, 0.0, 0.0, 0.0, 0.0, 1.0, 0.0], [1.0979663874949397, 100.00000074728192, 1275.4929720524074, 1.0, 0.0, 0.0, 1.0, 0.0, 0.0, 0.0], [1.1087665627995458, 100.00000074728192, 1065.2189173527026, 1.0, 0.0, 0.0, 0.0, 0.0, 0.0, 1.0], [2.186276408728867, 100.00000074728192, 1218.1326941266916, 1.0, 0.0, 0.0, 0.0, 0.0, 1.0, 0.0], [2.190881533939659, 100.00000074728192, 1250.7185370530228, 1.0, 0.0, 0.0, 0.0, 1.0, 0.0, 0.0], [2.186276408728867, 100.00000074728192, 1290.1378136397866, 1.0, 0.0, 0.0, 0.0, 0.0, 1.0, 0.0], [1.0979663874949397, 100.00000074728192, 1427.9566770060037, 1.0, 0.0, 0.0, 1.0, 0.0, 0.0, 0.0], [1.095440766292996, 100.00000074728192, 1178.9814478738244, 1.0, 0.0, 0.0, 0.0, 1.0, 0.0, 0.0], [1.1087665627995458, 100.00000074728192, 1400.8001008275799, 1.0, 0.0, 0.0, 0.0, 0.0, 0.0, 1.0], [2.190881533939659, 63.099999954551905, 1163.4395591969508, 1.0, 0.0, 0.0, 0.0, 1.0, 0.0, 0.0], [2.184629914346101, 63.099999954551905, 1322.1746142025263, 1.0, 0.0, 0.0, 1.0, 0.0, 0.0, 0.0], [1.5770626791116562, 100.00000074728192, 503.98282605566556, 1.0, 0.0, 0.0, 0.0, 1.0, 0.0, 0.0], [1.5382896910347073, 100.00000074728192, 493.42121907671174, 1.0, 0.0, 0.0, 1.0, 0.0, 0.0, 0.0], [2.0646316043141293, 100.00000074728192, 551.7205559560774, 1.0, 0.0, 0.0, 0.0, 0.0, 1.0, 0.0], [2.187893181128536, 100.00000074728192, 456.4210934118258, 1.0, 0.0, 0.0, 0.0, 0.0, 1.0, 0.0], [1.0987783667778372, 100.00000074728192, 460.24132958220315, 1.0, 0.0, 0.0, 1.0, 0.0, 0.0, 0.0], [2.1925017556990682, 100.00000074728192, 454.19199332545793, 1.0, 0.0, 0.0, 0.0, 1.0, 0.0, 0.0], [2.189443840799847, 30.000000029612714, 369.07012073822864, 0.0, 1.0, 0.0, 1.0, 0.0, 0.0, 0.0], [2.1921757337142687, 100.00000074728192, 74.53926269379872, 0.0, 1.0, 0.0, 0.0, 1.0, 0.0, 0.0], [2.1864541657341574, 100.00000074728192, 682.144017429719, 0.0, 1.0, 0.0, 0.0, 0.0, 1.0, 0.0], [2.189443840799847, 100.00000074728192, 1250.1225104784908, 0.0, 1.0, 0.0, 1.0, 0.0, 0.0, 0.0], [1.1428378435929711, 30.000000029612714, 73.84122857384034, 0.0, 1.0, 0.0, 0.0, 0.0, 0.0, 1.0], [1.1006392963577998, 100.00000074728192, 1273.8228590232013, 0.0, 1.0, 0.0, 1.0, 0.0, 0.0, 0.0], [1.1428378435929711, 65.00000038844732, 1250.9315440524333, 0.0, 1.0, 0.0, 0.0, 0.0, 0.0, 1.0], [1.1006392963577998, 30.000000029612714, 357.990481570395, 0.0, 1.0, 0.0, 1.0, 0.0, 0.0, 0.0], [1.6463327600446387, 65.00000038844732, 320.09729860325547, 0.0, 1.0, 0.0, 0.0, 1.0, 0.0, 0.0], [1.65076575277254, 100.00000074728192, 74.52026654260726, 0.0, 1.0, 0.0, 0.0, 0.0, 0.0, 1.0], [1.100489824102381, 100.00000074728192, 75.76031623668803, 0.0, 1.0, 0.0, 0.0, 1.0, 0.0, 0.0], [1.100489824102381, 30.000000029612714, 1292.0508868472411, 0.0, 1.0, 0.0, 0.0, 1.0, 0.0, 0.0], [2.158693661053838, 65.00000038844732, 1061.7947271150426, 0.0, 1.0, 0.0, 0.0, 0.0, 0.0, 1.0], [1.6504202437017481, 30.000000029612714, 1271.9877355396013, 0.0, 1.0, 0.0, 0.0, 0.0, 1.0, 0.0], [2.158693661053838, 30.000000029612714, 73.62220711903683, 0.0, 1.0, 0.0, 0.0, 0.0, 0.0, 1.0], [1.100280160519492, 100.00000074728192, 326.5346714437048, 0.0, 1.0, 0.0, 0.0, 0.0, 1.0, 0.0], [2.1864541657341574, 65.00000038844732, 74.14921632920846, 0.0, 1.0, 0.0, 0.0, 0.0, 1.0, 0.0], [2.158693661053838, 100.00000074728192, 391.3483781023618, 0.0, 1.0, 0.0, 0.0, 0.0, 0.0, 1.0], [2.189443840799847, 100.00000074728192, 477.4873040288933, 0.0, 1.0, 0.0, 1.0, 0.0, 0.0, 0.0], [2.1864541657341574, 100.00000074728192, 472.8960414742221, 0.0, 1.0, 0.0, 0.0, 0.0, 1.0, 0.0], [1.1479786543714519, 100.00000074728192, 532.9614844728275, 0.0, 1.0, 0.0, 1.0, 0.0, 0.0, 0.0], [1.9889679725152491, 100.00000074728192, 476.99428244659794, 0.0, 1.0, 0.0, 0.0, 0.0, 1.0, 0.0], [1.1428378435929711, 100.00000074728192, 448.69067221096213, 0.0, 1.0, 0.0, 0.0, 0.0, 0.0, 1.0], [1.1006392963577998, 57.10000079177051, 1277.3290483210203, 0.0, 1.0, 0.0, 1.0, 0.0, 0.0, 0.0], [2.1864541657341574, 62.70000018512013, 1072.4513297372198, 0.0, 1.0, 0.0, 0.0, 0.0, 1.0, 0.0], [1.6815484333022594, 100.00000074728192, 386.2371033524563, 0.0, 1.0, 0.0, 0.0, 1.0, 0.0, 0.0], [1.5503629172270146, 100.00000074728192, 348.0038952338953, 0.0, 1.0, 0.0, 1.0, 0.0, 0.0, 0.0], [1.5939956220082636, 100.00000074728192, 416.22080108540035, 0.0, 1.0, 0.0, 0.0, 0.0, 1.0, 0.0], [1.0914533639223865, 30.000000029612714, 1257.923973711867, 0.0, 0.0, 1.0, 1.0, 0.0, 0.0, 0.0], [1.0995901735927478, 65.00000038844732, 75.23932148190931, 0.0, 0.0, 1.0, 0.0, 0.0, 1.0, 0.0], [1.11531080307775, 65.00000038844732, 1071.1122499508774, 0.0, 0.0, 1.0, 0.0, 0.0, 0.0, 1.0], [2.194146927827267, 100.00000074728192, 1263.449293098871, 0.0, 0.0, 1.0, 0.0, 1.0, 0.0, 0.0], [2.195900294872657, 100.00000074728192, 73.54122039295396, 0.0, 0.0, 1.0, 1.0, 0.0, 0.0, 0.0], [1.1019063611691182, 30.000000029612714, 75.11629311713921, 0.0, 0.0, 1.0, 0.0, 1.0, 0.0, 0.0], [2.2306216649984956, 100.00000074728192, 319.77227981578466, 0.0, 0.0, 1.0, 0.0, 0.0, 0.0, 1.0], [2.2306216649984956, 30.000000029612714, 1365.5070979347388, 0.0, 0.0, 1.0, 0.0, 0.0, 0.0, 1.0], [2.195900294872657, 65.00000038844732, 1070.6502385432937, 0.0, 0.0, 1.0, 1.0, 0.0, 0.0, 0.0], [2.199180406028491, 30.000000029612714, 381.76982194756795, 0.0, 0.0, 1.0, 0.0, 0.0, 1.0, 0.0], [1.11531080307775, 100.00000074728192, 75.6613456934897, 0.0, 0.0, 1.0, 0.0, 0.0, 0.0, 1.0], [2.199180406028491, 