{"yld": {"model_save_dirs": ["baumgartner_primary_amine_yld_1", "baumgartner_primary_amine_yld_2"], "Final train MAE": 0.3909957706928253, "Final validation MAE": 0.3844578266143799, "Final test MAE": 0.37007373571395874, "data_transformation_dict": {"base_equivalents": [1.5954670972338725, 0.37627394661613595], "temperature": [74.98152173913044, 28.352148639334523], "t_res": [762.7667147335799, 613.8769307068764], "yld": [0.455340900535041, 0.4038752609291666]}, "X variable names": ["base_equivalents", "temperature", "t_res", "catalyst", "base"], "X_train": [[1.9698005789877109, 29.999998343656564, 80.44761361977623, 1.0, 0.0, 0.0, 1.0, 0.0, 0.0, 0.0], [1.9698005789877109, 64.99999976151535, 1490.9082463013133, 1.0, 0.0, 0.0, 1.0, 0.0, 0.0, 0.0], [1.0870458360901027, 99.9999994894544, 520.4667699135597, 1.0, 0.0, 0.0, 0.0, 1.0, 0.0, 0.0], [1.0878430053676826, 99.9999994894544, 78.62448444569873, 1.0, 0.0, 0.0, 0.0, 0.0, 1.0, 0.0], [1.0960987222187493, 29.999998343656564, 76.3203442307505, 1.0, 0.0, 0.0, 1.0, 0.0, 0.0, 0.0], [1.5329496393893927, 99.9999994894544, 80.14157555908537, 1.0, 0.0, 0.0, 1.0, 0.0, 0.0, 0.0], [1.9614595696888997, 29.999998343656564, 527.9602018407707, 1.0, 0.0, 0.0, 0.0, 0.0, 0.0, 1.0], [1.5339424733099485, 29.999998343656564, 1414.287863681925, 1.0, 0.0, 0.0, 0.0, 1.0, 0.0, 0.0], [1.526227476487517, 64.99999976151535, 723.8964049837787, 1.0, 0.0, 0.0, 0.0, 0.0, 1.0, 0.0], [1.099093713928406, 99.9999994894544, 1430.9388369337912, 1.0, 0.0, 0.0, 0.0, 0.0, 0.0, 1.0], [1.099093713928406, 29.999998343656564, 477.3763072719751, 1.0, 0.0, 0.0, 0.0, 0.0, 0.0, 1.0], [1.0878430053676826, 29.999998343656564, 1389.5454694992768, 1.0, 0.0, 0.0, 0.0, 0.0, 1.0, 0.0], [1.9687608095504534, 64.99999976151535, 76.71639348576218, 1.0, 0.0, 0.0, 0.0, 1.0, 0.0, 0.0], [1.0960987222187493, 64.99999976151535, 1670.9435877734204, 1.0, 0.0, 0.0, 1.0, 0.0, 0.0, 0.0], [1.9614595696888997, 99.9999994894544, 1565.1485280393263, 1.0, 0.0, 0.0, 0.0, 0.0, 0.0, 1.0], [1.9687608095504534, 99.9999994894544, 515.8555074054773, 1.0, 0.0, 0.0, 0.0, 1.0, 0.0, 0.0], [1.0870458360901027, 47.4999994750659, 79.70359425989, 1.0, 0.0, 0.0, 0.0, 1.0, 0.0, 0.0], [1.964611958821189, 99.9999994894544, 78.91852101381346, 1.0, 0.0, 0.0, 0.0, 0.0, 1.0, 0.0], [1.964611958821189, 29.999998343656564, 1577.9032606342566, 1.0, 0.0, 0.0, 0.0, 0.0, 1.0, 0.0], [1.9698005789877109, 99.9999994894544, 790.5022143881135, 1.0, 0.0, 0.0, 1.0, 0.0, 0.0, 0.0], [1.9698005789877109, 99.9999994894544, 285.4553168990468, 1.0, 0.0, 0.0, 1.0, 0.0, 0.0, 0.0], [1.964611958821189, 99.9999994894544, 284.3192731749518, 1.0, 0.0, 0.0, 0.0, 0.0, 1.0, 0.0], [1.099093713928406, 99.9999994894544, 330.8009075625744, 1.0, 0.0, 0.0, 0.0, 0.0, 0.0, 1.0], [1.9687608095504534, 99.9999994894544, 290.4156289145372, 1.0, 0.0, 0.0, 0.0, 1.0, 0.0, 0.0], [1.9698005789877109, 99.9999994894544, 1361.740901803816, 1.0, 0.0, 0.0, 1.0, 0.0, 0.0, 0.0], [1.0960987222187493, 99.9999994894544, 309.58969644103274, 1.0, 0.0, 0.0, 1.0, 0.0, 0.0, 0.0], [1.477350435215588, 68.80000020274066, 430.2366032380677, 1.0, 0.0, 0.0, 1.0, 0.0, 0.0, 0.0], [1.4694076853542801, 95.59999937880607, 1656.5977792541617, 1.0, 0.0, 0.0, 1.0, 0.0, 0.0, 0.0], [1.9698005789877109, 74.50000001961875, 73.71323950808812, 1.0, 0.0, 0.0, 1.0, 0.0, 0.0, 0.0], [1.6044343390806242, 82.89999982758015, 1574.33406065002, 1.0, 0.0, 0.0, 1.0, 0.0, 0.0, 0.0], [1.64414805895084, 82.70000036025242, 1744.805822495286, 1.0, 0.0, 0.0, 1.0, 0.0, 0.0, 0.0], [1.9687608095504534, 99.9999994894544, 1619.513606272967, 1.0, 0.0, 0.0, 0.0, 1.0, 0.0, 0.0], [1.964611958821189, 99.9999994894544, 1410.233627766015, 1.0, 0.0, 0.0, 0.0, 0.0, 1.0, 0.0], [1.0878430053676826, 99.9999994894544, 1636.4245874707049, 1.0, 0.0, 0.0, 0.0, 0.0, 1.0, 0.0], [1.0870458360901027, 99.9999994894544, 1403.2952282805327, 1.0, 0.0, 0.0, 0.0, 1.0, 0.0, 0.0], [1.525619742566202, 29.999998343656564, 74.86128472475923, 0.0, 1.0, 0.0, 0.0, 1.0, 0.0, 0.0], [1.1018364840058417, 64.99999976151535, 1442.494517968602, 0.0, 1.0, 0.0, 0.0, 1.0, 0.0, 0.0], [1.9747161646396805, 99.9999994894544, 1561.7343229409203, 0.0, 1.0, 0.0, 1.0, 0.0, 0.0, 0.0], [1.969514581277051, 29.999998343656564, 428.513510895402, 0.0, 1.0, 0.0, 0.0, 0.0, 1.0, 0.0], [1.0905576511407606, 64.99999976151535, 80.50359619185383, 0.0, 1.0, 0.0, 0.0, 0.0, 1.0, 0.0], [1.9736737711644563, 29.999998343656564, 1441.8224343843394, 0.0, 1.0, 0.0, 0.0, 0.0, 0.0, 1.0], [1.969514581277051, 64.99999976151535, 79.18950593460227, 0.0, 1.0, 0.0, 0.0, 0.0, 1.0, 0.0], [1.9663543424585375, 99.9999994894544, 88.74305992435256, 0.0, 1.0, 0.0, 0.0, 1.0, 0.0, 0.0], [1.0988340014527596, 99.9999994894544, 1535.64783476958, 0.0, 1.0, 0.0, 1.0, 0.0, 0.0, 0.0], [1.9663543424585375, 64.99999976151535, 1370.282378706203, 0.0, 1.0, 0.0, 0.0, 1.0, 0.0, 0.0], [1.9747161646396805, 29.999998343656564, 76.51339262962722, 0.0, 1.0, 0.0, 1.0, 0.0, 0.0, 0.0], [1.0897585530831368, 29.999998343656564, 1668.9894666986647, 0.0, 1.0, 0.0, 0.0, 0.0, 0.0, 1.0], [1.0905576511407606, 29.999998343656564, 411.0234942707834, 0.0, 1.0, 0.0, 0.0, 0.0, 1.0, 0.0], [1.0988340014527596, 29.999998343656564, 77.36644994035748, 0.0, 1.0, 0.0, 1.0, 0.0, 0.0, 0.0], [1.1018364840058417, 99.9999994894544, 76.53937147026454, 0.0, 1.0, 0.0, 0.0, 1.0, 0.0, 0.0], [1.5300361274227432, 99.9999994894544, 1662.2730948258406, 0.0, 1.0, 0.0, 0.0, 0.0, 1.0, 0.0], [1.0897585530831368, 99.9999994894544, 515.2974745906045, 0.0, 1.0, 0.0, 0.0, 0.0, 0.0, 1.0], [1.5367750662254638, 64.99999976151535, 432.27173438771234, 0.0, 1.0, 0.0, 1.0, 0.0, 0.0, 0.0], [1.9736737711644563, 99.9999994894544, 525.6990730725396, 0.0, 1.0, 0.0, 0.0, 0.0, 0.0, 1.0], [1.8307436790857612, 99.9999994894544, 410.1924640897203, 0.0, 1.0, 0.0, 0.0, 1.0, 0.0, 0.0], [1.546313107818116, 99.9999994894544, 442.6373283919191, 0.0, 1.0, 0.0, 0.0, 0.0, 1.0, 0.0], [1.6346378024439618, 99.9999994894544, 404.46511765693396, 0.0, 1.0, 0.0, 0.0, 0.0, 0.0, 1.0], [1.4889996723459138, 99.9999994894544, 420.70306393258295, 0.0, 1.0, 0.0, 1.0, 0.0, 0.0, 0.0], [1.9663543424585375, 90.69999933239862, 346.1328143285596, 0.0, 1.0, 0.0, 0.0, 1.0, 0.0, 0.0], [1.9736737711644563, 90.69999933239862, 325.1366055557291, 0.0, 1.0, 0.0, 0.0, 0.0, 0.0, 1.0], [1.9747161646396805, 90.69999933239862, 277.19185018139586, 0.0, 1.0, 0.0, 1.0, 0.0, 0.0, 0.0], [1.9747161646396805, 48.10000041192871, 417.9648941294095, 0.0, 1.0, 0.0, 1.0, 0.0, 0.0, 0.0], [1.9663543424585375, 48.10000041192871, 359.26453283206223, 0.0, 1.0, 0.0, 0.0, 1.0, 0.0, 0.0], [1.9663543424585375, 81.5999999101104, 613.5710928164908, 0.0, 1.0, 0.0, 0.0, 1.0, 0.0, 0.0], [1.9747161646396805, 81.5999999101104, 514.0484046147789, 0.0, 1.0, 0.0, 1.0, 0.0, 0.0, 0.0], [1.9663543424585375, 92.30000014077972, 768.1449350488207, 0.0, 1.0, 0.0, 0.0, 1.0, 0.0, 0.0], [1.4571494134974932, 96.59999925032434, 567.7924787874388, 0.0, 1.0, 0.0, 1.0, 0.0, 0.0, 0.0], [1.9663543424585375, 91.59999989273297, 811.492413267177, 0.0, 1.0, 0.0, 0.0, 1.0, 0.0, 0.0], [1.5288124959064398, 94.29999988381627, 586.5305408702241, 0.0, 1.0, 0.0, 1.0, 0.0, 0.0, 0.0]],