NAME,tau,equiv_pldn,conc_dfnb,temperature,strategy
TYPE,DATA,DATA,DATA,DATA,METADATA
0,0.65,2.2,0.4600000000000001,75.0,LHS
1,0.9500000000000001,3.0,0.38,111.0,LHS
2,1.25,4.6,0.14,57.0,LHS
3,1.85,3.8000000000000003,0.30000000000000004,39.0,LHS
4,1.55,1.4,0.22000000000000003,93.0,LHS
