NAME,tau,equiv_pldn,conc_dfnb,temperature,sty,e_factor,computation_t,experiment_t,strategy
TYPE,DATA,DATA,DATA,DATA,DATA,DATA,METADATA,METADATA,METADATA
0,1.697276616717274,2.3766612355128656,0.49423078653350516,81.35696424017263,2577.8678212410014,13.11795197598188,0.0,0.01884603500366211,Single-objective BayOpt
1,1.9349141004941464,3.7215572584228926,0.2886673868745884,33.0546657397271,1694.334796274914,16.58069255511405,0.0,0.015223026275634766,Single-objective BayOpt
