NAME,tau,equiv_pldn,conc_dfnb,temperature,sty,e_factor,strategy
TYPE,DATA,DATA,DATA,DATA,DATA,DATA,METADATA
418,0.5030621661413801,2.159430271452188,0.3331364369939005,39.349316576589885,8571.64186963127,20.263331718101174,TSEMO2
417,1.9427586165924804,2.4385333547452435,0.21844473638973613,40.65833629490961,1900.7421954026868,20.262233951542083,TSEMO2
340,0.9372710173172387,2.5229832750502386,0.4554495530196181,102.96622111313425,3068.1191873838484,20.300237076480652,TSEMO2
896,1.2733780600751703,4.840804510690066,0.21208537109030945,68.18683968991941,1260.200774131921,21.023509554987164,TSEMO2
506,0.9155072752567002,3.835044815518099,0.48601776052851564,109.58468407825623,3397.9204691962477,20.275176634930965,TSEMO2
