NAME,tau,equiv_pldn,conc_dfnb,temperature,strategy
TYPE,DATA,DATA,DATA,DATA,METADATA
0,1.697276616717274,2.3766612355128656,0.49423078653350516,81.35696424017263,Single-objective BayOpt
1,1.9349141004941464,3.7215572584228926,0.2886673868745884,33.0546657397271,Single-objective BayOpt
