case,avg_fit_time,avg_score_time,avg_val_r2,avg_val_neg_root_mean_squared_error,avg_test_r2,avg_test_neg_root_mean_squared_error
one-hot,9.330327939987182,0.006530857086181641,0.8098612400835858,-0.1751495659351349,0.8688612260283908,-0.137703830797461
descriptors,8.911218500137329,0.007156944274902344,-0.0887233628131368,-0.42868807911872864,-0.13111523509086265,-0.4122233958299454
