case,avg_fit_time,avg_score_time,avg_val_r2,avg_val_neg_root_mean_squared_error,avg_test_r2,avg_test_neg_root_mean_squared_error
one-hot,8.166110754013062,0.005637454986572266,0.801623251767853,-0.17928863167762757,0.8913133689375095,-0.12660206639121113
descriptors,8.191894769668579,0.006843852996826172,0.8564572592750457,-0.15195560306310654,0.9149636380225289,-0.11228418010873668
