case,avg_fit_time,avg_score_time,avg_val_r2,avg_val_neg_root_mean_squared_error,avg_test_r2,avg_test_neg_root_mean_squared_error
case_1,3.524441385269165,0.0019971370697021485,0.8133778193051648,-11.210040664672851,0.9277257528325263,-7.659243144643234
case_2,3.584489107131958,0.0018500328063964845,0.5875258046769148,-5.542116260528564,0.6731724135929321,-4.914557483011899
case_3,3.61135573387146,0.0018646240234375,0.7575032073182122,-13.106094932556152,0.8388203899628657,-12.040626679884866
case_4,3.5974781036376955,0.001851367950439453,0.6979552061032572,-15.986057090759278,0.7417433519970528,-13.803447416357022
