case,avg_fit_time,avg_score_time,avg_val_r2,avg_val_neg_root_mean_squared_error,avg_test_r2,avg_test_neg_root_mean_squared_error
case_1,10.348453617095947,0.00654149055480957,0.8295508810399357,-10.816744422912597,0.9307952086976204,-7.498236728819775
case_2,8.928261852264404,0.005949831008911133,0.6182039897632764,-5.401305246353149,0.6746129777462376,-4.910729931080706
case_3,10.123983812332153,0.005974340438842774,0.7380188495373521,-13.788355827331543,0.8379006941956488,-12.066490239891527
case_4,9.60025577545166,0.007497835159301758,0.7013988693185367,-15.903024101257325,0.736780456428538,-13.980203005904974
