case,avg_fit_time,avg_score_time,avg_val_r2,avg_val_neg_root_mean_squared_error,avg_test_r2,avg_test_neg_root_mean_squared_error
case_1,8.6258864402771,0.005854988098144531,0.8212155526088756,-11.137054443359375,0.9295815380048114,-7.543151896248529
case_2,8.79561619758606,0.00565180778503418,0.605790245122981,-5.384605264663696,0.6605449615937999,-4.99218215483449
case_3,8.240145397186279,0.00576167106628418,0.7760751544224982,-12.907710647583007,0.842104321811395,-11.899007938905271
case_4,8.307093811035156,0.005579137802124023,0.7043271376927565,-15.66837387084961,0.7326339105287581,-14.055312980735687
