name,cas_number,molweight,ringbonds,alkylatoms,alkylgroups,rotatable_bonds,internal_hbonds,conjugated_bonds,rotbsdmod,tmult,nbr11,rbwring,fragments,zwitterion_in_water,N_total,massprotbond,SIMILARITY_CFDB,natoms,hydrogens,bonds,largering,molrefraction,alkane,area,M3,M4,M2,e_dielec,mu_gas,M5,M6,volume,Macc1,Macc2,Macc3,Macc4,Mdon1,Mdon2,Mdon3,Mdon4,avratio,ovality,mu_self,h_hb,h_int,h_vdw,E_Ring,mu_vacuo,mu_water,N_ring,ringatombondratio,N_amino,solubility_2_methf
tBuXPhos,564483-19-8,424.64,12,17,5,5,0,12,2.5,1.2,0,0,2,0,0,70.77333333,6.16666667,75,45,31,6,138.05,-1,460.7543,30.8413,63.064,67.2057,-8.626,18.6978,89.9089,165.8158,591.7531,0.0366,3.7558,2.3043,1.3457,0,0,0,0,0.77862592,1.35173506,-9.43171,0,-22.11317,-23.86729,-1.16447,-3.94219353,4.91779634,12,1,0,421.25040226
tBuBrettPhos,1160861-53-9,484.7,12,19,7,7,0,12,4,1.14,0,0,5,0,0,60.5875,4.79411765,83,49,35,6,149.47,-1,518.8408,39.4424,79.085,89.8738,-12.666,18.0428,95.3095,160.9703,658.5981,0.0491,5.0578,2.5548,1.182,0,0.0035,0,0,0.78779577,1.41732576,-9.81725,-0.00523,-23.72584,-26.64862,-1.16447,-3.39162618,5.67691025,12,1,0,781.11247064
AlPhos,1805783-60-1,815.06,42,14,5,10,0,18,13.76,1.27,1,16.5,13,0,0,74.09636364,3.55172414,125,67,66,6,230.27,-1,819.933,83.2017,127.8013,129.0808,-0.395,38.355,186.6409,333.96,991.3742,0.0665,6.7723,4.2959,2.5919,0,0.0018,0,0,0.82706712,1.70530671,-16.89674,-0.00614,-36.21253,-40.27856,-5.77539,-8.82368958,-0.2661399,36,1.16666667,0,880.74916884