{"('x_1', 'DATA')":{"0":0.6559017465,"1":0.05516,"2":0.97354,"3":0.74846,"4":0.02849},"('x_2', 'DATA')":{"0":0.0625099213,"1":0.91858,"2":0.9548,"3":0.99708,"4":0.00385},"('x_3', 'DATA')":{"0":0.1964941136,"1":0.90491,"2":0.9785,"3":0.0119,"4":0.58482},"('y', 'DATA')":{"0":0.6523728635,"1":1.0842800217,"2":0.5140807744,"3":0.0001491259,"4":0.107952529},"('computation_t', 'METADATA')":{"0":0.0,"1":0.0388460159,"2":0.0398180485,"3":0.0406720638,"4":0.0302629471},"('experiment_t', 'METADATA')":{"0":0.0092349052,"1":0.0043799877,"2":0.0052568913,"3":0.0056703091,"4":0.003898859},"('strategy', 'METADATA')":{"0":"SNOBFIT","1":"SNOBFIT","2":"SNOBFIT","3":"SNOBFIT","4":"SNOBFIT"}}