NAME,tau,equiv_pldn,conc_dfnb,temperature,sty,e_factor,computation_t,experiment_t,strategy
TYPE,DATA,DATA,DATA,DATA,DATA,DATA,METADATA,METADATA,METADATA
0,1.85,4.6,0.4600000000000001,39.0,2521.5629135532913,13.007539725556674,0.0,0.017793893814086914,LHS
1,1.55,1.4,0.22000000000000003,75.0,1613.5456955861112,20.173123582979155,0.0,0.010447025299072266,LHS
2,0.9500000000000001,3.0,0.38,57.0,4410.855956755411,13.240224381108131,0.0,0.01001119613647461,LHS
3,0.65,2.2,0.30000000000000004,111.0,4610.735725950383,17.660700923729816,0.0,0.010248899459838867,LHS
4,1.25,3.8000000000000003,0.14,93.0,1058.9416110450131,38.50511812650394,0.0,0.010546207427978516,LHS
