NAME,tau,equiv_pldn,conc_dfnb,temperature,sty,e_factor,computation_t,experiment_t,strategy
TYPE,DATA,DATA,DATA,DATA,DATA,DATA,METADATA,METADATA,METADATA
0,0.65,1.4,0.4600000000000001,93.0,7985.211867751407,10.384977348895188,1728.0255951881409,0.0182950496673584,LHS
1,1.55,4.6,0.30000000000000004,75.0,1526.8354155334573,23.883575508829647,1728.0255951881409,0.010693788528442385,LHS
2,1.85,2.2,0.14,111.0,722.2368120968987,37.41730468386145,1728.0255951881409,0.010042190551757812,LHS
3,1.25,3.8,0.22000000000000006,39.0,2028.5084321181052,20.790725523728753,1728.0255951881409,0.009907960891723631,LHS
4,0.95,3.0,0.38,57.0,4410.855956755411,13.240224381108133,1728.0255951881409,0.00926804542541504,LHS
