NAME,tau,equiv_pldn,conc_dfnb,temperature,strategy
TYPE,DATA,DATA,DATA,DATA,METADATA
0,0.65,1.4,0.4600000000000001,93.0,LHS
1,1.55,4.6,0.30000000000000004,75.0,LHS
2,1.85,2.2,0.14,111.0,LHS
3,1.25,3.8000000000000003,0.22000000000000003,39.0,LHS
4,0.9500000000000001,3.0,0.38,57.0,LHS
