NAME,tau,equiv_pldn,conc_dfnb,temperature,sty,e_factor,computation_t,experiment_t,strategy
TYPE,DATA,DATA,DATA,DATA,DATA,DATA,METADATA,METADATA,METADATA
0,0.65,2.2,0.4600000000000001,75.0,7786.655447945639,10.987035663168497,0.0,0.01232290267944336,LHS
1,0.9500000000000001,3.0,0.38,111.0,2887.7432355153373,20.60376622418164,0.0,0.011729001998901367,LHS
2,1.25,4.6,0.14,57.0,1249.553463058851,32.831486727082876,0.0,0.009754657745361328,LHS
3,1.85,3.8000000000000003,0.30000000000000004,39.0,1796.9127067316595,16.483119872945093,0.0,0.011143207550048828,LHS
4,1.55,1.4,0.22000000000000003,93.0,1595.8336602961792,20.411290438847523,0.0,0.009853839874267578,LHS
