,rmse_train_y0,rmse_train_y1,rmse_test_y0,rmse_test_y1,rmse_train_spectral_y0,rmse_train_spectral_y1,rmse_test_spectral_y0,rmse_test_spectral_y1,objective_y0,objective_y1
0,0.21579344154527952,0.22406602653334173,0.3222074047162828,0.35831143597104775,0.4272685552633198,0.6518887060190612,0.5545578415418995,0.6920221612143477,63.84467842061074,63.64682031068847
1,0.21579344154527952,0.22406602653334173,0.3222074047162828,0.35831143597104775,0.49226793144122,0.5764306501647667,0.5739421142113373,0.6895448393982515,63.84467842061074,63.64682031068847
2,0.21579344154527952,0.22406602653334173,0.3222074047162828,0.35831143597104775,0.2852157280032307,0.6657746921220241,0.32017332165867474,0.7119504043655513,63.84467842061074,63.64682031068847
3,0.21579344154527952,0.22406602653334173,0.3222074047162828,0.35831143597104775,0.3817000093518604,0.6791740090534725,0.49997315031944695,0.7076970643096143,63.84467842061074,63.64682031068847
4,0.21579344154527952,0.22406602653334173,0.3222074047162828,0.35831143597104775,0.434117982609039,0.622896309112811,0.4606261473071154,0.8377025671108096,63.84467842061074,63.64682031068847
