,rmse_train_y0,rmse_train_y1,rmse_test_y0,rmse_test_y1,rmse_train_spectral_y0,rmse_train_spectral_y1,rmse_test_spectral_y0,rmse_test_spectral_y1,objective_y0,objective_y1
0,0.002554208599061451,0.0028008910075870337,0.17622115468341074,0.2602880882420602,0.19542901452517533,0.9809018659727423,0.23638623857576846,1.1316168203893924,52.826849512873004,44.30702339616958
1,0.0025541564053824925,0.0028006938079722502,0.17622322521792846,0.26028440809376985,0.2780230540369667,0.9200200201838712,0.2841531963224192,1.0756881477974214,52.081719058659125,44.307023492523314
2,0.00263157969630347,0.0030664868396832246,0.1755748918034649,0.27379321886938274,0.23786197720690627,1.0846981862930292,0.3261404803367641,1.1447295001168314,54.051389513709076,55.2762561301051
3,0.002554114874673168,0.003023460329809938,0.17622121125851758,0.25386018305815183,0.2907804450745195,0.9252267528772365,0.33397101002187823,1.091838342724364,53.6619811771968,56.512231039259355
4,0.0023967290500535895,0.00280096313018135,0.17820777564791127,0.2602865422325946,0.2496164980110655,1.033184123674759,0.2861814991831469,1.1202254337713393,46.10712802206486,44.307023405778104
